"ride_id","member_casual","month","day_of_week"
"1","55CD1103817FDBAB","member","02","Saturday"
"2","01EF07930E35E507","member","02","Sunday"
"3","5762F05686F0E605","member","02","Friday"
"4","B71EE9DF9622C7EC","member","03","Sunday"
"5","FAA346F04ED74552","member","03","Friday"
"6","A5AB962F0112E5BE","member","02","Monday"
"7","2BACB71A2CEECCB5","member","02","Sunday"
"8","B5AC5122CA8B5634","member","02","Wednesday"
"9","292FB14DC6B6BB0D","member","03","Wednesday"
"10","DBF6D659A38E1E1F","member","01","Tuesday"
"11","E28802B7A7242C9B","member","01","Sunday"
"12","90EEF2CA2F350F36","member","03","Tuesday"
"13","F6BA63F41EA3AA9B","member","01","Monday"
"14","CED9A3D1223D88C4","member","03","Friday"
"15","4F105ECFBFB2838A","member","01","Monday"
"16","4E862D18EDD22AEA","member","02","Tuesday"
"17","313D359746089F72","member","01","Monday"
"18","47FEBA20C3520C31","member","01","Thursday"
"19","4B339E182EA3C19F","member","02","Monday"
"20","F50007033BC39F00","member","03","Saturday"
"21","309A1040E12D9A15","member","03","Thursday"
"22","028942B4E858E0E0","member","03","Thursday"
"23","C0BA18AD6F1F2EB5","member","03","Friday"
"24","C405F8C15B062CB2","member","03","Thursday"
"25","2ECA5D9AC5908399","member","01","Wednesday"
"26","EAD0D859935315CC","member","03","Monday"
"27","E84CD333CDB6808C","casual","03","Sunday"
"28","51C3C408471339D3","casual","03","Thursday"
"29","FCCAA66AF218DC29","member","03","Wednesday"
"30","DF48A9D04EAC5FFA","member","03","Friday"
"31","DF56814C2B92F754","member","01","Sunday"
"32","613DC5BC41EA6AFA","member","01","Thursday"
"33","681B08E13C59D81D","member","03","Thursday"
"34","85C387B38B48D0F2","member","01","Tuesday"
"35","ABE6B00B09D362FA","member","02","Wednesday"
"36","313856C7A0B68862","member","03","Wednesday"
"37","909821F0282B1944","member","02","Saturday"
"38","37F6D7881851810C","member","02","Monday"
"39","46A46665DFA2D21A","member","03","Wednesday"
"40","44E801E2BD9EBF74","member","03","Wednesday"
"41","8FDC0680B0C32B1B","casual","03","Sunday"
"42","934A59B56E66578B","member","02","Tuesday"
"43","2413F7B925307633","casual","01","Thursday"
"44","F4E11B5EEF9FC07A","member","01","Monday"
"45","8EB1B0BB822ED4C2","member","02","Thursday"
"46","BE8392A56D5891EA","member","02","Monday"
"47","EA08CE4E86B93BCF","member","01","Friday"
"48","20B17CDE8D2094B4","member","03","Friday"
"49","6519A23216E91F55","member","03","Thursday"
"50","9BB7A5C41D5FFFA7","member","02","Wednesday"
"51","D62ECCA3270FC34B","member","03","Tuesday"
"52","2C0836866C71EDF9","member","01","Tuesday"
"53","23104476582464E7","member","02","Tuesday"
"54","AD49DC3E47E6CC51","member","02","Tuesday"
"55","2C1834933D0416F4","member","02","Thursday"
"56","1A98268178EDB81A","member","03","Wednesday"
"57","71BEF651CF054885","member","03","Monday"
"58","7C41707E39A6FD8A","member","03","Monday"
"59","AB6011A97C1C1304","member","03","Tuesday"
"60","8E2BA8FBE5F11ADF","member","03","Wednesday"
"61","D3DE4CC106C41D33","member","01","Wednesday"
"62","914879B09576A1A5","member","03","Wednesday"
"63","8B1708BC0ED38930","member","02","Saturday"
"64","18A42E9AF4704486","member","02","Tuesday"
"65","67041AA85E2AD823","member","02","Saturday"
"66","D04C12DA62157B79","member","02","Saturday"
"67","111191F66A438F7C","member","03","Tuesday"
"68","E342C161F15A384A","member","03","Friday"
"69","09FFF4211460C132","member","01","Tuesday"
"70","927FD23BEF319159","member","01","Friday"
"71","4B9A487DF3AC9828","member","01","Friday"
"72","0C1CA51C0E7565B2","casual","03","Sunday"
"73","8B75C3F0DBC0B7BD","member","01","Wednesday"
"74","A42CCF53D00B7176","member","02","Monday"
"75","96474FE6909728D1","member","02","Thursday"
"76","D46A6E8E15047E9E","member","01","Thursday"
"77","2AA8F393D0641110","casual","01","Thursday"
"78","166E20616838F0AC","member","01","Monday"
"79","D37C8AC8B0665C5F","member","03","Tuesday"
"80","B6A1C82DD9A401D9","member","01","Monday"
"81","E3E8D752D14EB881","member","03","Tuesday"
"82","6FAAA826FEA07C7A","member","03","Friday"
"83","D9FC42381E4C0773","member","01","Friday"
"84","ABDBC47C1E8D94C9","member","01","Thursday"
"85","E975276EF17A330B","member","03","Wednesday"
"86","0301FB5A008CAEB5","member","01","Saturday"
"87","F574FCA15AFF5B51","member","02","Monday"
"88","FDBE9C0E4C0F6ACA","member","03","Sunday"
"89","F7CA42F5AE1F6FBC","member","03","Sunday"
"90","2D93713901CCFC66","member","03","Wednesday"
"91","C2D001765F82BC10","member","03","Monday"
"92","EC1BA72A6B2796A4","member","01","Friday"
"93","8E4949ABB11C7902","member","01","Tuesday"
"94","75B1C98BC3FBD674","member","02","Saturday"
"95","7DC720F7BA8334AF","member","02","Sunday"
"96","66D9B5FB533AFE87","member","02","Friday"
"97","AE2AEF2F27C7C91E","casual","01","Thursday"
"98","98BB1FE2D2CDAD6F","casual","01","Monday"
"99","1D38A764E5D8E963","member","03","Monday"
"100","7CA7D97937BFF95E","member","02","Sunday"
"101","E5F7A3047D1E64F1","casual","03","Saturday"
"102","A09C6153EA04073E","member","01","Sunday"
"103","56CF54D835B29FB1","member","01","Thursday"
"104","7C2978F589574918","member","01","Monday"
"105","CA8199980D317767","member","03","Sunday"
"106","277AA07EB5907F64","member","03","Sunday"
"107","AB4458F934C632AE","member","03","Tuesday"
"108","E5E80B5089290939","member","02","Sunday"
"109","F80B7876621AAE1B","member","03","Sunday"
"110","12809598816B8B45","member","03","Sunday"
"111","B4AEEAC3D69D0DE6","member","01","Sunday"
"112","928A6E67AD891316","member","02","Friday"
"113","D5C633888116B188","member","02","Wednesday"
"114","29D2E66B42213F59","member","01","Wednesday"
"115","3C1F09D5BEF93E80","member","02","Monday"
"116","1A57280112F1BBC2","member","01","Wednesday"
"117","4A30BC1BCD183890","casual","03","Wednesday"
"118","394EF85E15AC8BAC","member","03","Sunday"
"119","3C1641184577724D","member","02","Wednesday"
"120","319761936558A3AA","casual","02","Tuesday"
"121","850787CEB8CC3074","member","02","Monday"
"122","BC843C074D20904D","member","02","Tuesday"
"123","0FBE9E74CBBC0543","member","03","Tuesday"
"124","6C41E03BBF25505C","casual","01","Tuesday"
"125","09C2FD957DB6E657","member","03","Sunday"
"126","73A729028C0D7842","member","03","Friday"
"127","D84D8B7EFF6E25BB","member","03","Monday"
"128","D77506A5D9BBA48D","member","01","Thursday"
"129","8657A3DD14C61260","member","01","Tuesday"
"130","8B46968CFCF86A85","casual","02","Sunday"
"131","6844D3A14285B209","member","02","Tuesday"
"132","DCD45476EF8A6F86","member","02","Monday"
"133","A2ABB6F0510E4A35","member","02","Monday"
"134","3AE4422977CCDAA6","member","03","Friday"
"135","FB6E0239C2348B3E","member","02","Tuesday"
"136","CAEADCA050335ECC","member","02","Monday"
"137","A08FD09F7151C027","member","03","Thursday"
"138","F4F7CCEAF808F620","member","02","Tuesday"
"139","9AB9BD6F847565E5","member","01","Monday"
"140","9376A668382D4DFF","member","01","Sunday"
"141","AFC44288478EA87E","member","01","Thursday"
"142","4163490F85A2B478","member","01","Monday"
"143","02381577D8F3D8E3","member","01","Thursday"
"144","9C308E8D417ECB57","member","01","Friday"
"145","63ED23865525AE4A","member","01","Tuesday"
"146","8003941B60E3EE0F","casual","03","Friday"
"147","99B415EC37CA0CF9","member","02","Sunday"
"148","8FEFD593427F3104","member","01","Friday"
"149","61F116CA913981A6","member","03","Monday"
"150","4AD8F519B2B52DAE","member","02","Tuesday"
"151","BF4B5F2778FBC48B","member","03","Sunday"
"152","240745E85A5353FB","member","02","Tuesday"
"153","3390ED96A6316F6F","casual","02","Friday"
"154","7294B0EAFC59E2FD","member","03","Wednesday"
"155","9350F3890A7BB619","member","02","Monday"
"156","58F78AB2B66A8C02","member","01","Thursday"
"157","9DD0D1CE37D7F3BA","member","02","Tuesday"
"158","698ECE7F020C3E62","member","02","Monday"
"159","A3D508A4F73984EB","member","01","Tuesday"
"160","E698473DBEBDD5B1","casual","02","Sunday"
"161","C36363FA09C343B1","member","03","Thursday"
"162","1C674669B96EB198","member","01","Sunday"
"163","7EFB558211F88B97","member","03","Monday"
"164","54D3ABE64E4DB426","member","02","Wednesday"
"165","35F7FA4292DCB3A4","member","03","Wednesday"
"166","FF73605E2D07D59B","member","03","Tuesday"
"167","2BAA29FA78B81A87","member","03","Tuesday"
"168","35F1F0CE06D652AC","member","02","Friday"
"169","1103E369EF09DB76","member","03","Tuesday"
"170","FC01C332FFEAF958","member","01","Thursday"
"171","279ED6110A1648DE","member","03","Thursday"
"172","E5F0E10F1AE2E31D","member","01","Monday"
"173","F1F268E18F096B52","member","01","Monday"
"174","89C1DE4D58389C22","member","03","Saturday"
"175","CEB2A7BB5A81D7B3","member","01","Wednesday"
"176","FE096C605A927941","casual","03","Sunday"
"177","84662D1460A2D8D1","member","02","Friday"
"178","582BFBCC5C4C812F","member","02","Tuesday"
"179","ABC0E5090AA1C0BD","member","02","Friday"
"180","664676C3DCDC22A5","member","03","Wednesday"
"181","1DA0BEE22A790092","member","01","Wednesday"
"182","D0952CA6616A91A6","member","01","Wednesday"
"183","093CA1A74B6425B4","member","02","Thursday"
"184","51A20756A94C6C68","member","03","Sunday"
"185","2537E1215992558F","member","01","Monday"
"186","6BF31E228362F8B7","member","03","Sunday"
"187","DBAD40B1D2F31F67","member","01","Monday"
"188","1E94F828971778D8","member","03","Wednesday"
"189","3F851295502739C1","casual","03","Sunday"
"190","FAF72E0A4680DE2D","casual","03","Saturday"
"191","155845A815227958","member","03","Wednesday"
"192","BBB043BC0DF68EA4","member","03","Thursday"
"193","0AA32568DF30B105","casual","02","Sunday"
"194","528BFFDDE396E3BC","member","03","Saturday"
"195","E9C3F61A63028A1D","member","02","Monday"
"196","A801E49AC3A77750","casual","03","Monday"
"197","C4B1913018131E65","member","01","Friday"
"198","F3AB471F6F96CDD1","member","01","Wednesday"
"199","FDD36501A68BD977","member","01","Monday"
"200","EF06BAEADA505937","member","02","Monday"
"201","4B01EE373862E05A","member","01","Monday"
"202","FE645E8747CE1867","member","03","Tuesday"
"203","AC671FBF9D88F629","member","02","Sunday"
"204","7DEF4350A43E82DB","member","03","Sunday"
"205","04DFB12F80BFD110","member","01","Friday"
"206","4295A559BE387954","member","01","Monday"
"207","0D49AE39C527B280","member","03","Tuesday"
"208","5075A520291CA75E","member","01","Tuesday"
"209","062D61027D058C87","member","02","Wednesday"
"210","7355154A8CB82289","member","01","Thursday"
"211","E2B5D1F1A45290F0","member","03","Wednesday"
"212","B0BF0E7E08156E9A","member","02","Tuesday"
"213","A84039636741301E","member","03","Saturday"
"214","D80BBC8F1CE49772","member","03","Sunday"
"215","0C1396A50F4B721E","member","01","Wednesday"
"216","536B5C4DD2FB3814","member","02","Friday"
"217","FC9550C69D96B3E5","member","01","Tuesday"
"218","AF3C7C2C3DCAE00A","member","03","Sunday"
"219","68FECE0427A782B6","member","02","Tuesday"
"220","7C6D90F40D8E3B98","member","03","Sunday"
"221","24E61E16074B16B8","member","03","Tuesday"
"222","70D756F2B8D2F45F","member","02","Friday"
"223","314BD5339D42C053","member","02","Thursday"
"224","D8BA12FA3CF9DAEE","member","01","Friday"
"225","B035210C3AFFC1CA","member","02","Thursday"
"226","42833D9C1DDD3E0C","member","02","Tuesday"
"227","7A4423E4ED4290F2","member","01","Tuesday"
"228","10F70ED7A8E57DEE","member","02","Friday"
"229","F07D357057201FA1","member","03","Wednesday"
"230","FA8326BBB0005454","member","03","Sunday"
"231","578CAD66780CDC89","member","02","Friday"
"232","D6145C4A0BCA0187","member","02","Saturday"
"233","B33512E852BA080C","member","02","Friday"
"234","942B7721A91EF50E","member","03","Saturday"
"235","F3529536215EAD3B","member","02","Monday"
"236","E548CB292D1A2BC4","member","01","Monday"
"237","73B75B18701731B0","member","02","Saturday"
"238","2051BD63F1ABEA61","member","01","Saturday"
"239","8D00EFF36B8D6A3F","member","02","Wednesday"
"240","05A00106BCB0B130","casual","03","Sunday"
"241","C423A7F614FFAEA8","member","01","Thursday"
"242","2521075446B197B0","member","01","Sunday"
"243","F2FAA4D6A14D4E5E","member","02","Monday"
"244","502639A476A53698","member","03","Tuesday"
"245","D82307C50E8915DF","member","01","Friday"
"246","558E67EECD4D01BD","member","01","Thursday"
"247","10812B7D36885AEF","member","02","Saturday"
"248","AF29D448502221E1","casual","02","Tuesday"
"249","6080F8D84FA15277","casual","03","Saturday"
"250","2D0F3DB69560E9A9","member","01","Tuesday"
"251","EF4B2110A016CF6A","member","02","Friday"
"252","C8FF677011C12978","member","02","Tuesday"
"253","EEAB063E6DD900A0","member","03","Thursday"
"254","DFAC34F851DC533F","member","01","Monday"
"255","92454A223DF70B4D","member","02","Monday"
"256","671A511ADB409183","member","02","Thursday"
"257","3213779F1F5AD87C","member","03","Monday"
"258","DD649521BC9C0F65","member","01","Thursday"
"259","4D4E41BCA59E90AB","member","02","Sunday"
"260","F2EF006D3FC707BC","member","01","Sunday"
"261","74A28740AC3F2E80","member","03","Tuesday"
"262","9068E531689A6160","member","01","Monday"
"263","4F3006B1089BB8C8","member","03","Wednesday"
"264","8878AD738DAC7128","member","03","Wednesday"
"265","636CF524167F18DB","member","02","Monday"
"266","42E902DB0284EA56","casual","03","Sunday"
"267","40112A294E194B49","casual","01","Monday"
"268","F774E66DCB439DBC","member","03","Monday"
"269","072C2B6DAD3F17BD","member","01","Wednesday"
"270","C3211BFB651F9471","member","01","Tuesday"
"271","9BAE69FF79C9BF33","member","02","Wednesday"
"272","59B13B732F777FD0","member","02","Friday"
"273","430FC50F78EE23EA","member","02","Friday"
"274","095A371FF64DE480","member","01","Friday"
"275","64951BDDF3A3E624","casual","03","Monday"
"276","A396278C706A5ECE","member","03","Thursday"
"277","BF651AF857BA6F4E","member","01","Thursday"
"278","96D6EDE40C555A4C","member","02","Wednesday"
"279","78908CDE7B610DC8","member","02","Wednesday"
"280","26C0EA697D11D32F","member","03","Tuesday"
"281","A298D8C2692C5358","member","02","Monday"
"282","C144D9E620BBB8ED","member","02","Monday"
"283","C0F4908C0E0F2BC4","member","02","Tuesday"
"284","B33D1DE676AE9A56","casual","03","Tuesday"
"285","2EC97312310DFC69","member","01","Thursday"
"286","92C6A092749ECC6B","member","03","Friday"
"287","D7DDC73FCEC8C31C","member","01","Wednesday"
"288","8A63835B23F2823E","member","01","Wednesday"
"289","644B3A50E6120112","member","02","Friday"
"290","2BB07EF6BF89B2F0","member","01","Friday"
"291","6B6198E04AA9E048","member","01","Thursday"
"292","7FACAC37EC76FDCB","member","03","Wednesday"
"293","2C709F85E8DD5D11","member","01","Friday"
"294","C686281E6C4653B5","member","02","Sunday"
"295","5C6B09FC77274DDD","member","01","Monday"
"296","0C5112BBD5DBFFBC","member","03","Sunday"
"297","20FCAB8D44CD0198","member","01","Friday"
"298","23937874FACAB26A","member","01","Tuesday"
"299","F3959BCF953B8CD9","member","01","Tuesday"
"300","F765D8252AA5E571","member","01","Saturday"
"301","16BB65A60EFC739B","member","02","Monday"
"302","78853B136DEA2906","member","01","Wednesday"
"303","4C30EEB23A8CBEA5","member","03","Thursday"
"304","D8DF5CABA2725DC3","casual","03","Sunday"
"305","F662E495DBF178ED","member","01","Tuesday"
"306","213E1FE301B72583","member","03","Sunday"
"307","B6C51076D2741A5F","member","02","Saturday"
"308","8A8A039BB7072249","casual","03","Monday"
"309","131CE59F24DE2B8A","member","03","Sunday"
"310","F50B3DBCEA0BC4CF","member","01","Sunday"
"311","A168FDEA172FF71A","member","02","Tuesday"
"312","01A6D51D1723E690","member","02","Wednesday"
"313","00AD8CF1FCD0E124","member","02","Tuesday"
"314","B917C1D07DC960D8","member","02","Saturday"
"315","C7606F1FDCECACB0","member","01","Monday"
"316","B781D55CF1979156","member","03","Tuesday"
"317","B149A7058E0695CC","member","03","Friday"
"318","369C99302415BCEA","member","03","Wednesday"
"319","A08EE32EB1C6147E","member","01","Tuesday"
"320","BB9ECBC4CBC4C1C9","member","02","Sunday"
"321","266F28512EF6625E","member","02","Tuesday"
"322","5382AAA42F77E3DD","member","02","Monday"
"323","2A276168AEC645D5","member","03","Saturday"
"324","6DA1A53BD0D77DAF","member","01","Friday"
"325","5EDCC9DAB210A666","member","03","Wednesday"
"326","F41C094D71A0044C","member","01","Monday"
"327","66E975D415C6D4D4","member","02","Thursday"
"328","5A959D71DFE0B93B","member","03","Wednesday"
"329","003ACB3FC9F1D349","member","01","Wednesday"
"330","3DAF0F6865517453","member","01","Thursday"
"331","0CAFFFBF1121FB5C","member","02","Tuesday"
"332","AA45A670E7EC8D2F","member","03","Tuesday"
"333","5557731CA71801D7","member","01","Friday"
"334","613E0CD1686E36AF","member","03","Friday"
"335","F3CBC9680AAC5B27","casual","02","Sunday"
"336","068C1DDDD160C6F5","member","01","Thursday"
"337","958828E9C4255305","member","01","Friday"
"338","96168C95EE07D757","member","02","Tuesday"
"339","1051E103B943A99C","member","03","Thursday"
"340","D80EBB39705BBFC9","member","01","Thursday"
"341","6999FBB5CE78BCCC","member","02","Wednesday"
"342","A57C1A2547806F2F","casual","01","Tuesday"
"343","490C7E5D99B8430D","member","01","Tuesday"
"344","16817B08239C46F5","member","03","Wednesday"
"345","E145B56C674A4248","member","03","Friday"
"346","4043A32059BA8B3F","member","01","Tuesday"
"347","745A3A0083A2153F","member","01","Friday"
"348","DE699EC04AFD159F","member","02","Tuesday"
"349","691C57B3AB53C57C","member","03","Monday"
"350","A12969E03384060C","member","01","Friday"
"351","798C577AE84474B8","member","03","Thursday"
"352","07616225C2407605","member","01","Monday"
"353","8C957F67EB588C42","member","01","Tuesday"
"354","FE71C568B17DE303","member","03","Sunday"
"355","24B83BFB35BFE985","member","03","Friday"
"356","E013B07303F52BE1","member","01","Tuesday"
"357","72DC5B4D80A1CEB7","member","01","Friday"
"358","75D4841CC0E7EC4E","member","02","Sunday"
"359","36DD80C4336EF729","member","02","Friday"
"360","AC4AC043EFEDC59D","member","01","Wednesday"
"361","40795992787FFD92","member","01","Sunday"
"362","B402DEAFCC5C97D6","member","02","Tuesday"
"363","9DCADA9315FF612D","member","03","Friday"
"364","8C0039EC15553AA8","member","02","Saturday"
"365","B8DBB5A9A391F973","member","01","Tuesday"
"366","54C6A9DC8D9A887D","member","01","Monday"
"367","EE5951A448EEF303","member","01","Thursday"
"368","578A1B442C195DB3","casual","03","Tuesday"
"369","F208506DC76DBFF1","member","01","Tuesday"
"370","87DCF5CFC65698C0","member","03","Tuesday"
"371","0D5DFF87B0C35836","member","02","Friday"
"372","C0929E0C47D5F201","member","01","Tuesday"
"373","7977BA44FDC693BA","casual","01","Friday"
"374","7E2AB3D672736B17","member","03","Thursday"
"375","BCEF7D39807D4620","member","02","Monday"
"376","DC2361225C097561","member","02","Thursday"
"377","CD7C912D6CF4FAEF","member","01","Monday"
"378","B0E72472C8A40B8C","member","01","Thursday"
"379","7C275EB493CB9CB9","member","02","Friday"
"380","F0D89A1E2B50992B","casual","03","Sunday"
"381","1321802D9DAE6B1E","member","01","Saturday"
"382","556703BED9FFD08E","member","02","Friday"
"383","B88F90522488066F","member","03","Monday"
"384","CDB97DAAFAEA423B","member","01","Tuesday"
"385","41B64111CF70DFD6","member","01","Friday"
"386","744E290DE81F9FB4","member","03","Thursday"
"387","BA6A079D7956D66F","member","01","Friday"
"388","D82D56DE58C5C485","member","01","Wednesday"
"389","E7B5B4027D2B20AC","member","02","Sunday"
"390","FE751CD23CA67A35","member","01","Thursday"
"391","7BE57A059EA68AB7","member","02","Saturday"
"392","F0C46F7AD0406B51","member","03","Saturday"
"393","A950BFA545FDF66F","member","03","Tuesday"
"394","A7637AA696E9C327","member","03","Sunday"
"395","DB7DDC75F099F692","casual","03","Tuesday"
"396","EEDAD3377E15A30B","member","01","Monday"
"397","7B66C45247EBE455","member","01","Saturday"
"398","2C9BDD297737A92B","member","01","Monday"
"399","6D4558E995CDF923","member","02","Saturday"
"400","B78205E75AB6C50A","member","02","Tuesday"
"401","EDC64B51B93C3801","member","02","Saturday"
"402","6B648B9EA1BFC863","member","01","Thursday"
"403","7E74A0061F4C19B1","member","02","Sunday"
"404","B0AD549482583C0A","member","01","Wednesday"
"405","D8DD1D01FDD1B2B2","member","01","Wednesday"
"406","A2B8BAADA69BCE44","member","03","Monday"
"407","C77732CA9141CED7","casual","02","Wednesday"
"408","D9CAF1BFCAA1DC6A","member","02","Friday"
"409","068BC44C87CEF7AF","member","01","Tuesday"
"410","3862F4E0D2863241","member","03","Tuesday"
"411","177246CCF5C01C48","member","02","Monday"
"412","AF0A56E2E8723DFF","member","02","Friday"
"413","0F047E97929ED869","member","02","Sunday"
"414","5C30012BB7DB0C9E","member","02","Monday"
"415","C3B06254051C2212","member","01","Wednesday"
"416","CE06EACA1AD237A6","member","03","Wednesday"
"417","AC68C6508E2F0E2B","member","01","Monday"
"418","D4A3BAD2670D461F","member","01","Thursday"
"419","67B0FAB7DEB91BA9","casual","03","Sunday"
"420","2D07BE7CDB6301C5","member","01","Monday"
"421","75B4AE3275E0D522","member","03","Wednesday"
"422","0860EA158066B34C","member","03","Tuesday"
"423","F92E5B421944A4EE","member","02","Tuesday"
"424","1F9EC72B598BE2AE","member","01","Wednesday"
"425","5A579426D89831C8","member","02","Monday"
"426","F6D48EFC917291BF","member","02","Tuesday"
"427","D69053B70740433F","casual","01","Wednesday"
"428","FA59206B81324557","member","02","Friday"
"429","E27E8EB670C591D8","member","03","Tuesday"
"430","9A66222C1ADD03C6","member","03","Tuesday"
"431","35F5C7FE247838CF","member","03","Tuesday"
"432","C9063325BE558538","member","01","Tuesday"
"433","A480002848B6DCCA","member","01","Monday"
"434","216D3212F0150156","member","01","Monday"
"435","9B57B0A15E2B95B4","member","02","Saturday"
"436","9246D1F821D78C4C","member","03","Monday"
"437","88A7AE56A8B67A95","member","02","Friday"
"438","9056E711186516B4","member","01","Sunday"
"439","796FBF2ABC1267E6","member","02","Wednesday"
"440","DF54530FBB36486E","casual","02","Tuesday"
"441","2B6780B1153B4FD4","member","02","Saturday"
"442","0B526D113D5FED4E","member","01","Tuesday"
"443","B12271983C752EDF","member","01","Tuesday"
"444","C46E243997E684DA","member","01","Wednesday"
"445","917369694FF6F630","member","03","Saturday"
"446","08282E6832C76269","member","01","Wednesday"
"447","BEABA4FE3D52235C","member","02","Friday"
"448","98E07012EB11CDAF","member","01","Friday"
"449","17FDDA7BBAAFB690","casual","03","Sunday"
"450","5EE385A3BBCBD329","member","01","Wednesday"
"451","932AA0D3510A237B","member","01","Thursday"
"452","89212F4AED089E29","member","02","Tuesday"
"453","DB8D12A497D118C9","member","03","Wednesday"
"454","FC046634DAFE9513","member","02","Friday"
"455","AA67F90E759050B3","casual","03","Sunday"
"456","D353B903717F38F8","member","01","Sunday"
"457","5F62F04EA1026758","member","01","Saturday"
"458","07CD5BA642A25502","casual","03","Saturday"
"459","73752D1F46BBDA0A","member","02","Sunday"
"460","118FCBE190344665","member","03","Monday"
"461","694B39B83B1286B0","member","03","Monday"
"462","49A576FCC7F524CF","member","02","Thursday"
"463","1638D94C896C28C1","member","01","Wednesday"
"464","5356CA0A1BC05BE2","casual","03","Wednesday"
"465","9C4770BFCA459A4C","casual","03","Sunday"
"466","23C4C14E5897CBCF","casual","03","Saturday"
"467","5D740F6A61874DCE","member","02","Saturday"
"468","648F1B2FF2859D9E","casual","03","Monday"
"469","5FF1498967273E46","member","01","Monday"
"470","149D5FD699D7AD5E","member","02","Friday"
"471","83D4B79F1DACDE75","member","01","Tuesday"
"472","A3F7BAFFC63587EB","member","02","Thursday"
"473","CC32EC10A8A19F31","member","01","Sunday"
"474","148011FCA64E4BF1","member","01","Saturday"
"475","C774F0FF3A70CC29","casual","02","Saturday"
"476","32951907865BE80E","member","02","Friday"
"477","D7F1BBBA105D41A5","member","01","Tuesday"
"478","6F2DB51A4B3FE147","member","03","Wednesday"
"479","96756DBD1DE7928B","casual","02","Wednesday"
"480","20F55ACAA8C13E73","casual","03","Friday"
"481","FBF9629355679DEE","member","01","Monday"
"482","E9A3EC8F2B60E8F7","member","01","Wednesday"
"483","72D8201E17EC2738","casual","03","Wednesday"
"484","64B487EDFC735A09","member","01","Friday"
"485","EF66B814657C5F09","member","03","Tuesday"
"486","1F0C78BEB6072206","member","02","Thursday"
"487","FA09386CD1B113A3","casual","03","Sunday"
"488","A2DA9E1EAC52290E","member","02","Saturday"
"489","6CE7CE82B73B40B9","member","01","Tuesday"
"490","A8D68C6641EF0C5A","casual","03","Saturday"
"491","0AE7F680D454DD36","member","02","Monday"
"492","3DAF4015F1189A1E","member","02","Wednesday"
"493","E17CBCC3FF97E13F","member","01","Friday"
"494","4CFA2FBE51D5580B","member","03","Monday"
"495","079ABF6DFBBE5B6D","member","02","Sunday"
"496","CF39F17250B70FC4","casual","03","Sunday"
"497","B94AD46BA4F0D143","member","02","Wednesday"
"498","0D08D9CE2E16E465","casual","03","Sunday"
"499","71A17EC9981ED279","member","03","Saturday"
"500","16D37FFC9482B73B","member","02","Monday"
"501","E1AF627D01E10660","member","02","Sunday"
"502","8EAB0FA22F635383","member","01","Friday"
"503","6B343D39BA64C80C","member","01","Monday"
"504","D5AAF17C766C59E9","member","01","Wednesday"
"505","CCE44DD83502B17F","member","01","Monday"
"506","17BBE6A923B6FEF6","member","03","Saturday"
"507","402A2B28F942046F","casual","03","Sunday"
"508","52138783C4C81918","member","03","Sunday"
"509","BAF7DAAFE881170B","member","02","Wednesday"
"510","F908D99372DA3BF3","member","02","Monday"
"511","098FDBDBA35AB68C","member","01","Tuesday"
"512","4FFC6F5198936A2F","member","01","Monday"
"513","E94CE8E134191168","member","01","Thursday"
"514","2657A4F7A9E64E25","member","01","Friday"
"515","C03621A74C884B50","member","03","Monday"
"516","D1C11F339740A5A5","member","03","Wednesday"
"517","B3677054723FA5C1","member","03","Sunday"
"518","38794EEB326381C5","member","03","Wednesday"
"519","8BA1D0CAE55D6290","member","02","Friday"
"520","B87293D78018A33C","member","02","Tuesday"
"521","942F496C9D50FA9F","member","02","Thursday"
"522","5C3F66AE5BAFC424","member","03","Monday"
"523","63BD5922C65442BF","member","02","Saturday"
"524","5ADBED4AAC6A19F3","member","01","Tuesday"
"525","092C8CDA57903C52","member","01","Friday"
"526","ABE2236980A28D29","member","02","Sunday"
"527","474269A596617CE6","member","01","Monday"
"528","E07A0F5C6049038F","member","03","Sunday"
"529","734462FB89342794","member","01","Tuesday"
"530","60B7E2F8E805FC8A","member","03","Saturday"
"531","78B92722FA03604A","member","02","Tuesday"
"532","AE844FE285AB29D3","member","03","Friday"
"533","62E77709153F4DC9","member","03","Monday"
"534","058D7E10E31BF32C","member","02","Saturday"
"535","16B97B6ACF4FC962","member","01","Thursday"
"536","F2FEC890F9DC9AD5","member","03","Friday"
"537","5656BB0F87FDABA7","casual","03","Saturday"
"538","1DBD089D8235C69C","member","01","Friday"
"539","FDBEC9A133AA382D","member","03","Sunday"
"540","983D5EFD8DBD75AF","member","01","Monday"
"541","18F04C5E4ED892B6","member","02","Thursday"
"542","43F1CD3EA7ADE2FD","casual","01","Friday"
"543","F5A3B88499CF7F0E","member","03","Tuesday"
"544","B7B9ECDA8EA2C69F","member","02","Saturday"
"545","C3C635178EC1C3E8","member","02","Wednesday"
"546","76F595CF58B2A3B2","member","03","Monday"
"547","DD4020A427F998E7","member","01","Saturday"
"548","61CA4416E450C778","member","02","Tuesday"
"549","258ACEA66FB6354D","member","02","Tuesday"
"550","BA69E56BDC38ACDE","member","02","Thursday"
"551","905E5D98FE756DB0","member","02","Thursday"
"552","C15C8CC6B53FAF70","member","03","Monday"
"553","70614B0211F05873","member","02","Friday"
"554","9CE669903409D212","casual","03","Saturday"
"555","18F641ABDBB69A9A","member","01","Wednesday"
"556","F5A931F8C9AB599B","member","01","Thursday"
"557","CE9ACA4EBCA4C7BC","member","02","Thursday"
"558","465B8A7B39996A91","member","03","Sunday"
"559","42D112FE06463597","member","02","Wednesday"
"560","8062C0FDC20BD6D2","member","01","Wednesday"
"561","293D5D5367C780F4","member","03","Monday"
"562","68E21502585C733A","member","03","Monday"
"563","BC8DD5357DA76F89","member","03","Wednesday"
"564","19B138D589471A11","casual","01","Saturday"
"565","CD0214532B69D5EA","member","02","Wednesday"
"566","D05ED128B89BB6E6","member","01","Monday"
"567","8D9134CF04FF0E7E","member","02","Tuesday"
"568","B81B2911C70471FE","member","03","Saturday"
"569","053213697F70E62B","member","02","Friday"
"570","A3449E85131E1148","member","03","Wednesday"
"571","00439391C01179AD","member","01","Monday"
"572","415F8F32D7C79FAE","member","02","Sunday"
"573","AD0B36A045D86043","member","02","Wednesday"
"574","9096B3EF487BFFD7","member","02","Friday"
"575","8654AEC3CDEF100C","member","03","Monday"
"576","2A60B3A21F9C9994","member","03","Friday"
"577","37DF342232A92A1E","casual","02","Saturday"
"578","9EAA47E8A1EA1CA0","member","03","Monday"
"579","3CFB47632E447939","member","01","Tuesday"
"580","96B69E213D644F97","member","01","Wednesday"
"581","29FD19D6DDDBB235","member","01","Wednesday"
"582","D58C6A4062405726","member","03","Friday"
"583","6DD04457E3AF08C0","casual","01","Thursday"
"584","36E3873A10F29F89","member","01","Thursday"
"585","3C56F8F587206B18","casual","03","Thursday"
"586","980DE28DB9E65CAD","member","01","Thursday"
"587","E3D557AB00AA4AAF","member","02","Monday"
"588","E19BE7DB8BDC9723","member","02","Tuesday"
"589","4BF32FD7EE8B1583","member","01","Tuesday"
"590","8E95FAAE326F70C6","member","01","Tuesday"
"591","4575BFF50CBB66EC","member","02","Tuesday"
"592","F4CFE38F08CC25FE","member","01","Thursday"
"593","358DF5ABC15A1321","member","01","Friday"
"594","1B5D75101C57FD0D","member","03","Sunday"
"595","2FD6843C7F0A3F43","member","01","Monday"
"596","F7912FAC2C1FCEFB","member","01","Tuesday"
"597","AD265A9B961D3D80","member","03","Sunday"
"598","E7746138FD22D79A","member","02","Monday"
"599","FBEC9652FFF3FE70","member","02","Monday"
"600","0720315B22B81914","member","01","Friday"
"601","9FFA153A36A9476C","member","01","Friday"
"602","BCB3B7D967324C4A","member","01","Sunday"
"603","E363D1608DA0FC2F","casual","01","Wednesday"
"604","70DB03BA04960837","member","01","Saturday"
"605","07087074554C1A88","casual","01","Saturday"
"606","09BFCDF1BF350B1A","member","03","Wednesday"
"607","2CCBF9D1D856A23E","member","02","Saturday"
"608","E6C0DE4DB4999632","member","01","Monday"
"609","36B0392324BA0503","member","03","Wednesday"
"610","129FE242725BF2FD","member","03","Saturday"
"611","33C6EE3216EC0059","member","03","Sunday"
"612","7DF0766D6356693C","member","01","Wednesday"
"613","82659D12EC8E5195","member","01","Thursday"
"614","5F3A1169D4679DE1","member","03","Tuesday"
"615","028038889F2D5B8D","member","03","Tuesday"
"616","F6F19A340FC42F5E","casual","03","Sunday"
"617","E8919FB8F6A2CD3D","member","01","Tuesday"
"618","B75A96851DA180B4","casual","02","Wednesday"
"619","E99EC6046102DC7A","member","01","Tuesday"
"620","59965FBE38178900","member","01","Wednesday"
"621","71F7E7A1F6CC42D5","casual","03","Wednesday"
"622","D73C709979169067","member","03","Tuesday"
"623","5E108B831B89D28F","member","03","Friday"
"624","64C1F9E2C22A07FF","member","02","Tuesday"
"625","698646D80AC9ECCD","member","01","Monday"
"626","B04706DF26557609","member","02","Saturday"
"627","E266563185EBAAA8","casual","03","Tuesday"
"628","52E46A20A0D74A75","member","02","Wednesday"
"629","B62D0801026288E7","member","01","Wednesday"
"630","ED3EB288B62B81C4","member","02","Wednesday"
"631","4BC1CBD460CBADEB","member","03","Monday"
"632","2117F1AE9308A610","member","03","Sunday"
"633","E4F857610026C783","member","03","Thursday"
"634","604597E65C455D99","member","02","Saturday"
"635","2439F3197526739C","member","01","Saturday"
"636","66EC801AA971AB76","member","01","Wednesday"
"637","AD74C2A471DB84B7","member","02","Saturday"
"638","299DF2F4F0A40E4B","member","02","Thursday"
"639","58F940DAE8DF7F5D","member","02","Monday"
"640","F13FC46C70F7D61A","member","03","Thursday"
"641","4E1CD210589F9451","member","01","Friday"
"642","2862FF8C34D6E02C","member","03","Monday"
"643","20F18EC778A8C434","member","03","Wednesday"
"644","0B0A988DA84F4E05","member","01","Wednesday"
"645","7F6B70378A03512E","member","01","Tuesday"
"646","F4FA9CEDBC5B7819","member","02","Thursday"
"647","31E9359C530C5F51","member","03","Monday"
"648","D8C32D3EF846B71E","member","03","Tuesday"
"649","1895AE0A7B93A311","member","02","Friday"
"650","D28D3279D5708EB4","member","01","Friday"
"651","50018C73D8E331BC","member","03","Tuesday"
"652","3FCFF4BEC790EA14","member","02","Monday"
"653","456CE566EC698238","member","01","Wednesday"
"654","C4721C202B24E905","casual","03","Saturday"
"655","3AAB2E653C8A3467","member","02","Thursday"
"656","3267C3B168EA5BE9","member","01","Friday"
"657","A644F4335F873515","member","01","Friday"
"658","DB6465DEDA815698","member","02","Sunday"
"659","96611C68EAF429A0","member","03","Saturday"
"660","D1E34A8138644E0B","member","01","Tuesday"
"661","DC669496457086E6","member","01","Wednesday"
"662","542DF4E1137806F3","member","02","Monday"
"663","594777DE4EFB6EC4","member","03","Wednesday"
"664","DA0AEB2E30785FE4","member","02","Friday"
"665","35FAD2BEBF1CE84D","casual","02","Sunday"
"666","DAD2FCF9757A4848","member","03","Friday"
"667","1AB227FB7C88F51F","member","01","Friday"
"668","BEBF39DE1C6EC88D","member","02","Tuesday"
"669","3D79702E91CB7C70","member","01","Thursday"
"670","83679E8BC4E99334","member","02","Tuesday"
"671","4059A73DFE739737","member","02","Thursday"
"672","7863AE8E089DB2B6","member","03","Tuesday"
"673","8C0A19D6234DD6BA","member","03","Monday"
"674","9AFBA6B4E2A1282A","member","03","Wednesday"
"675","7C23033A3923C47D","casual","03","Wednesday"
"676","4F8A75489ACFD5E2","member","01","Wednesday"
"677","260A808D9669A388","member","01","Sunday"
"678","D8EC2B5A10FD2208","casual","03","Sunday"
"679","1E076A12346DA33A","member","02","Tuesday"
"680","58DB38A3D6810F54","member","01","Thursday"
"681","7135C0F15F7728E8","member","03","Tuesday"
"682","98BBEBE479F48092","member","02","Monday"
"683","3BC48CAC64CFFB7D","member","01","Wednesday"
"684","F00DEBB421CBEA56","member","03","Monday"
"685","0531026F2B44F9E9","member","01","Friday"
"686","068BB9CD9F623C66","member","02","Tuesday"
"687","D91589FDA767F06C","member","03","Monday"
"688","C8BFEBF3C6A73A30","member","03","Tuesday"
"689","599666C74021D744","member","02","Friday"
"690","053586F30F09B1D4","member","01","Friday"
"691","42C8659BB65C7A58","member","01","Tuesday"
"692","C6ABCB8605C54B8F","member","03","Friday"
"693","A4FBFC44EAF9DBBB","member","03","Saturday"
"694","BEC9867C3D010521","member","01","Tuesday"
"695","F8E3022DC04BF55E","member","03","Wednesday"
"696","E76C129EE34283C8","member","02","Sunday"
"697","24990D72BA65E9A3","member","03","Wednesday"
"698","E500988ED6874264","member","01","Friday"
"699","ECC2FA7FBE48EBFB","member","03","Wednesday"
"700","5C73B9E6A68887D2","member","01","Sunday"
"701","32AC13CED9FDC126","member","01","Wednesday"
"702","A36ED2198612088B","member","02","Tuesday"
"703","9C4C73A5245A014B","member","03","Wednesday"
"704","9EA68E367F6F483F","member","01","Saturday"
"705","CE194C0DD76CCF70","casual","03","Tuesday"
"706","03D6D1A808F86EED","member","01","Friday"
"707","D610F4D172E5742A","member","02","Saturday"
"708","43C546F63EDD95E0","member","02","Thursday"
"709","663899D2BFCF307D","member","02","Tuesday"
"710","9D912FC70EDF2970","casual","03","Tuesday"
"711","82B7C47065E87C6F","member","03","Thursday"
"712","E1ACEE0F8EDFC0D0","member","02","Wednesday"
"713","795C69D9F72F1D14","member","03","Thursday"
"714","23DF413A41997DE3","member","03","Friday"
"715","EEB686DD786AFFAB","member","03","Friday"
"716","A3D3EF4962F0EB59","member","02","Thursday"
"717","F7CEC5E50D426010","member","02","Wednesday"
"718","B22829C400368420","member","03","Thursday"
"719","EA4B2A9EFC3C97BE","member","01","Saturday"
"720","7B47170707BAA999","member","03","Monday"
"721","63A1232F2C7DBE71","member","01","Thursday"
"722","7DD2B5FF151E028D","member","02","Wednesday"
"723","CEC23E8548574557","member","01","Monday"
"724","AB3EF0647747976A","member","03","Saturday"
"725","C478C8817DADA398","member","02","Tuesday"
"726","949266656942EA31","member","02","Monday"
"727","A2D14028056602AD","member","01","Wednesday"
"728","08354EDACFC05FE6","member","02","Saturday"
"729","77A677D7539CF286","member","03","Wednesday"
"730","667B1FC6892860A3","member","01","Sunday"
"731","BDDEF0973C64450A","member","02","Thursday"
"732","2A51DB0F49A0146E","member","02","Saturday"
"733","7D47AAB826333245","casual","03","Sunday"
"734","6DA27B01DBFBC65B","member","03","Friday"
"735","C9D760291760C11C","member","02","Saturday"
"736","0B2514DF8CFA7A6C","member","02","Thursday"
"737","ACC9EA9E47C6B1DD","casual","02","Monday"
"738","CEADE557ABE223FF","casual","02","Saturday"
"739","4532725C4F02E11C","member","02","Monday"
"740","664522BC8327C570","casual","02","Friday"
"741","9913D740E5BF5499","member","03","Tuesday"
"742","E0609C3B62BE145E","casual","02","Saturday"
"743","BDEB875FD4B81696","member","02","Tuesday"
"744","06D0465D9D9001A6","member","01","Tuesday"
"745","83A51B3A8696D125","member","03","Friday"
"746","3D5AEF9BC03C3953","casual","03","Tuesday"
"747","69E44916DB361B96","member","01","Wednesday"
"748","62F5C974244E1839","member","01","Thursday"
"749","E60C8B422F9E1562","casual","03","Sunday"
"750","531F6A6A09190DDA","member","01","Saturday"
"751","13FF5749784A671A","member","01","Monday"
"752","28007DBE72C75E19","member","02","Tuesday"
"753","239AFC8D9F94ABE2","member","01","Monday"
"754","25EE22A8F7DA26F3","casual","02","Saturday"
"755","9188FBF37C0452AF","member","01","Monday"
"756","49A831D8D164EB12","member","01","Wednesday"
"757","09C137AC16149F4D","member","02","Tuesday"
"758","542A2C14EFB4082C","member","01","Friday"
"759","D07E30C438DE8008","member","03","Friday"
"760","E0E0988E080E45B4","member","01","Wednesday"
"761","3E481B1A4AA601E8","casual","02","Saturday"
"762","B9003D3536C21428","member","02","Tuesday"
"763","11D104DA4AB03198","member","02","Thursday"
"764","6EEBA50ECD7ED198","member","01","Monday"
"765","C6D2CA206B41D661","member","03","Monday"
"766","85094BF266E06119","member","03","Wednesday"
"767","2A1822E02388A354","member","01","Tuesday"
"768","E894EF399DDB0BC8","member","01","Friday"
"769","DCAE470AD8626A4D","member","02","Friday"
"770","DC9A47192A94F572","member","03","Friday"
"771","45E054CB9EFD0389","member","03","Tuesday"
"772","688E06D64AEF5AC3","casual","02","Sunday"
"773","F71E7905F8EDC235","casual","03","Wednesday"
"774","E37E8D2AAD628363","member","02","Tuesday"
"775","04899C2548D615E8","member","03","Saturday"
"776","BF0F9F21A0C2DBC0","member","03","Tuesday"
"777","91FFCA7770B1C384","member","03","Monday"
"778","58A96E5BFE0F5D02","member","03","Monday"
"779","6D87E16E7D1375E2","member","02","Wednesday"
"780","29AAF8A2CBC5CF01","member","01","Wednesday"
"781","8ED164E6E5E41911","member","03","Wednesday"
"782","0C07186116991C04","member","01","Friday"
"783","186389C434713F4C","member","01","Monday"
"784","1D8FAA05E737A302","member","01","Friday"
"785","E9D9A002479A53E5","member","02","Sunday"
"786","A62186C27EA3EA40","member","02","Tuesday"
"787","3FBB60EE9381770E","casual","03","Tuesday"
"788","87969C195410399D","member","03","Tuesday"
"789","96E09E36889D684E","casual","02","Wednesday"
"790","6B43A31FA3F1314F","member","03","Sunday"
"791","A5B5476C2420EB7E","member","02","Tuesday"
"792","7574830B8852A091","member","01","Sunday"
"793","6943282F3866A05E","member","01","Thursday"
"794","BD36191DD74E301E","member","01","Sunday"
"795","559AF5C53EA36EB0","member","03","Wednesday"
"796","E75648EE959A2681","member","02","Saturday"
"797","12F92385660999DF","member","01","Friday"
"798","A1D3C713F9A7D933","member","03","Tuesday"
"799","50914AA2B53F09CC","member","03","Tuesday"
"800","6D41491F7BDAB353","member","02","Monday"
"801","0A16E5566018AF2E","member","03","Sunday"
"802","232BFF8A2D607D80","member","02","Wednesday"
"803","40E84416126A02E7","member","01","Tuesday"
"804","809F41DE5C959854","member","02","Monday"
"805","6D7367AE6B9766A5","casual","03","Thursday"
"806","D0E6F1189C2561BB","casual","02","Wednesday"
"807","D8CB59BC5B0364B7","casual","03","Friday"
"808","1AF3D6F5144C2E85","member","01","Tuesday"
"809","03B4B6BB4E6A2AC0","casual","03","Wednesday"
"810","7DAC5A03CADA1900","member","03","Saturday"
"811","16EAAFA4A48848E8","member","02","Thursday"
"812","A37561F909C37206","member","03","Sunday"
"813","781D101F3D860A8D","member","01","Monday"
"814","91D6ED70BEAFB42D","member","01","Tuesday"
"815","FECA06F29B7E2C57","member","01","Thursday"
"816","589EA01316D7842F","member","01","Friday"
"817","86E2BAAD7596C5CE","member","02","Saturday"
"818","09CA049C143A97DE","member","03","Thursday"
"819","E303F0EE27C3E097","member","02","Saturday"
"820","5C1B18A7C4CB9FC5","member","02","Tuesday"
"821","7E75609DEA36388F","member","03","Thursday"
"822","8062376CF5218F4F","member","02","Wednesday"
"823","62FE1C5DB01A9FC5","member","01","Saturday"
"824","7F647E152F71AF45","casual","02","Wednesday"
"825","76F785DDA96C03E1","member","02","Wednesday"
"826","10CF0E03B807E74E","member","02","Wednesday"
"827","ECCDC587918BB1E1","member","03","Wednesday"
"828","EA6D4592581B5F5C","member","03","Monday"
"829","282E5D6AEAAFA023","member","02","Wednesday"
"830","7A06FB94104F2208","casual","03","Thursday"
"831","82CFC7551CDDE025","casual","03","Sunday"
"832","CFD0F968A830B129","member","03","Monday"
"833","2227AF0FA3934876","member","03","Thursday"
"834","D11E8DD41DBC0CBD","member","01","Monday"
"835","131A0EC128864AEA","member","01","Thursday"
"836","3886F8D40CED2085","member","03","Monday"
"837","DF4FE07D43A8FAB2","member","01","Thursday"
"838","BFCAB39038362673","member","03","Sunday"
"839","BFE20A252E381A7D","member","01","Tuesday"
"840","C76DCB3C91787F8A","casual","01","Tuesday"
"841","82B4E229052393B0","member","01","Monday"
"842","3573B8DB0BBDD136","casual","01","Sunday"
"843","64B35DD90115527C","member","02","Saturday"
"844","1E8F325B9BC8529C","member","03","Friday"
"845","CED817035C4F7BAD","member","03","Thursday"
"846","DC6B7B96E72A3080","member","02","Wednesday"
"847","FC367B574600B29E","member","03","Thursday"
"848","CBD956AD94A30E72","member","03","Tuesday"
"849","FD861E04AAAFC5C4","member","01","Thursday"
"850","083609E08FDA049A","member","03","Tuesday"
"851","927B151877D8FE4A","member","02","Wednesday"
"852","C9F40F84CCA600B7","member","01","Monday"
"853","8A42CEB2891A336C","member","03","Wednesday"
"854","30EC7C8F06D460B7","casual","02","Sunday"
"855","8A181A93A7DCCC2B","member","01","Wednesday"
"856","AC59DF86A004EC47","member","02","Friday"
"857","70706018762E8E38","member","02","Thursday"
"858","50E3037B37531F56","member","02","Wednesday"
"859","DF303DEB8DE0E77E","member","02","Thursday"
"860","D67BA4C5186D03C5","member","01","Monday"
"861","66E22F45FA9524D5","member","02","Thursday"
"862","5F44A0DD1F88172F","member","01","Thursday"
"863","7EB9D795E8A7A483","member","03","Wednesday"
"864","0C672245F9B85FF8","member","02","Tuesday"
"865","7A264C9B9C51063D","member","02","Wednesday"
"866","224F1ED1B5F0AB68","member","01","Monday"
"867","C6AA209F59E2D10E","member","01","Thursday"
"868","305AC588C5480226","member","02","Friday"
"869","0A9EF93F04465755","member","01","Thursday"
"870","C635D11E8BAE7469","member","01","Saturday"
"871","EFD1C6B918C23154","member","03","Tuesday"
"872","23CCD98E6086D302","member","01","Tuesday"
"873","10013F99353A0873","member","01","Wednesday"
"874","769A21E9C680023E","member","02","Wednesday"
"875","4A222E7199D840FB","member","02","Friday"
"876","D28EE356A110B8E6","member","03","Monday"
"877","836B8E0668FC9410","member","03","Tuesday"
"878","5D1DF23DDD3CEE93","member","02","Thursday"
"879","BFD8A51BA43AAA80","member","01","Tuesday"
"880","16E7352C35BE0A9D","casual","02","Tuesday"
"881","0A36A9180ABEF379","member","01","Tuesday"
"882","8C49985256FDC00C","member","02","Tuesday"
"883","B62920F848C603E5","casual","02","Tuesday"
"884","8F5943D773960779","member","01","Friday"
"885","8CC9337B55EDE12C","member","02","Saturday"
"886","E50A661C1FB9670D","member","03","Monday"
"887","5D64B2B1914A6252","member","02","Tuesday"
"888","9F573BD879569B70","casual","01","Wednesday"
"889","2D91CCBF7FA59C19","casual","02","Saturday"
"890","80A1CB143EB5B5D6","member","02","Sunday"
"891","22A323B8993AFD6F","member","03","Tuesday"
"892","4B897676F444C5EE","casual","01","Monday"
"893","4179C17896D08A90","casual","02","Sunday"
"894","7C01B29802DF1754","member","01","Monday"
"895","1CC9EC3C06610119","member","01","Thursday"
"896","140342EE67DAC924","member","03","Wednesday"
"897","60D1EAA81004A86D","member","02","Sunday"
"898","482D5227037B4325","member","02","Saturday"
"899","67640BEFB1CFAC01","member","03","Sunday"
"900","05848DD83324DF7C","member","02","Monday"
"901","D8F4789FD249311E","member","01","Thursday"
"902","7BD374C48DC4B94E","member","02","Monday"
"903","116551F2BBFC3882","member","02","Saturday"
"904","79B9B1A491F78E87","member","01","Sunday"
"905","51B73026DAAD7881","member","01","Thursday"
"906","E16163E6A972AF0B","member","02","Wednesday"
"907","324494F7FDBE115D","member","03","Wednesday"
"908","08CFAABCD420F970","member","01","Thursday"
"909","DFE7C39E5BBB9373","member","02","Thursday"
"910","B9C2EB881628985C","member","02","Wednesday"
"911","CA8D54672B853DFC","member","03","Wednesday"
"912","193DBA77F8A75D10","member","01","Wednesday"
"913","7AB816C5ED786065","member","01","Thursday"
"914","C8F90BEB38BCCFA5","member","02","Friday"
"915","CBF85EB895D679FA","casual","03","Sunday"
"916","2D5674B29E13E644","member","02","Wednesday"
"917","9FCBB86FC4358033","member","01","Sunday"
"918","F9F336E52742765C","casual","03","Friday"
"919","DD6923B0154D9C52","member","03","Saturday"
"920","DD2CDB8FBCDF0ED4","member","02","Tuesday"
"921","1D00A05CEE08DD07","member","02","Thursday"
"922","6B5FC661052414BB","member","01","Saturday"
"923","9CC41B9A88DC24C4","member","02","Thursday"
"924","CA67E65A0461D3A5","member","01","Tuesday"
"925","CA117E889846326F","member","02","Tuesday"
"926","924D462D15C81DAE","member","01","Tuesday"
"927","C31DCC87D2AB487A","casual","02","Saturday"
"928","8F620B4EAFE00AF9","member","02","Friday"
"929","31E30C6233B7D822","member","01","Friday"
"930","4F5C8867985ECB01","member","01","Thursday"
"931","0EA91023CDF798AF","casual","02","Sunday"
"932","6DC124974EC33FA6","member","01","Thursday"
"933","52FC4602DF5CEF7B","member","02","Saturday"
"934","15091AA2FB356410","member","02","Saturday"
"935","0AD31655CEDE01CB","member","01","Friday"
"936","251CA06AFD8ECBE2","casual","03","Thursday"
"937","9362B0CDE7DA1AEA","member","02","Monday"
"938","6CA51B5AA2483E36","member","01","Friday"
"939","85447CEC2895E701","member","01","Monday"
"940","5698AED268D19AC3","member","03","Friday"
"941","846B26E5B703E5A4","member","03","Saturday"
"942","103D8EDE7FFE8490","member","02","Sunday"
"943","5022178C7EC2F30C","member","03","Tuesday"
"944","6CA0FF9E0B64B44D","member","03","Tuesday"
"945","C4BAE09D119E740F","member","03","Tuesday"
"946","0B322CFECD505C64","member","03","Monday"
"947","8184340A9B30F8EE","member","03","Saturday"
"948","34AD6238D43E332E","member","03","Friday"
"949","63B6D0AAA2CEBB81","member","03","Tuesday"
"950","5187956BC7E9F4F6","member","01","Friday"
"951","A1E4556CE4837518","member","01","Thursday"
"952","474E65DCA6A9B6B9","member","01","Thursday"
"953","DFDC9A935588C085","member","01","Wednesday"
"954","342DEDFC36EAA95E","member","02","Tuesday"
"955","EB6B36861DF5C668","member","03","Tuesday"
"956","7CC1EE28DF6C726B","member","01","Saturday"
"957","6A37E4284F951BED","member","01","Sunday"
"958","8DEF71486EE5E047","member","03","Friday"
"959","0F98D1BFAF05A901","member","02","Wednesday"
"960","94BC4BF64208B5FC","member","01","Sunday"
"961","1BC1564735691BCD","member","01","Tuesday"
"962","3A283E661F4D5A7A","member","02","Monday"
"963","5871A0539EB0A8AC","member","02","Monday"
"964","EBEF1C1E9C0FDFC9","member","03","Thursday"
"965","005211BAED0D869A","member","03","Tuesday"
"966","8B4F2188C8F61E19","member","02","Thursday"
"967","6D76BA460E3D7AF8","member","03","Tuesday"
"968","E4DC40940B7A9865","member","01","Thursday"
"969","87A0E7F59FFD93D6","member","03","Sunday"
"970","2898A780660C7A7D","member","01","Wednesday"
"971","1B46283CA5FB87FD","member","03","Tuesday"
"972","263AB65BE046BF91","member","03","Sunday"
"973","A862F293D81200F1","member","02","Tuesday"
"974","0D7FF98EC1EB408F","member","02","Monday"
"975","16F87CE4B7753B8E","member","02","Monday"
"976","E0234348AC13950D","member","01","Thursday"
"977","AE40F4037BF81DBC","member","03","Saturday"
"978","66953B364C4B6DE0","casual","03","Sunday"
"979","57A8D4920E3CC58C","member","02","Thursday"
"980","95FC8CA320605667","member","01","Wednesday"
"981","93232101F9125A22","member","02","Wednesday"
"982","AFBCD087BE7DE415","member","02","Thursday"
"983","929D69F1E6F6DBF7","member","02","Tuesday"
"984","B43546B5324F1342","member","02","Thursday"
"985","F2F34717604EDDA7","member","02","Thursday"
"986","284380F414A97686","member","03","Monday"
"987","EACF98E756EF0C97","member","01","Friday"
"988","DCD759FDC3D31C6E","member","03","Wednesday"
"989","9706DC5DC5021B10","member","03","Thursday"
"990","CA6F07A14B5F4D5F","member","01","Thursday"
"991","2D6B2BC2EBD1F549","member","02","Wednesday"
"992","A6DF23E231589F0F","casual","03","Thursday"
"993","99F1A1AB85A36BF3","member","01","Tuesday"
"994","1DB604642C222835","member","01","Friday"
"995","548BCAB88E7EC9DD","member","01","Friday"
"996","11195D373FACBE04","member","03","Saturday"
"997","C270B0755C344971","member","02","Friday"
"998","E30704FA2DDC2268","member","03","Monday"
"999","1338EC8184C0D7EA","casual","02","Monday"
"1000","64AD232E6DD2F842","member","03","Thursday"
